{
    "name": "ESP32 Azure IoT Arduino", 
    "version": "0.1.0", 
    "keywords": [
        "communication"
    ], 
    "description": "Azure IoT library for ESP32", 
    "frameworks": [
        "arduino"
    ], 
    "platforms": [
        "espressif32"
    ], 
    "authors": [
        {
            "email": null, 
            "url": null, 
            "maintainer": true, 
            "name": "Microsoft"
        }
    ], 
    "repository": {
        "type": "git", 
        "url": "https://github.com/VSChina/ESP32_AzureIoT_Arduino"
    }, 
    "homepage": null, 
    "export": {
        "include": null, 
        "exclude": [
            "extras", 
            "docs", 
            "tests", 
            "test", 
            "*.doxyfile", 
            "*.pdf"
        ]
    }, 
    "id": 5462
}